<?xml version="1.0" encoding="UTF-8"?>
<!--
 |  ***********************************************************************
 |  Reactapp CONFIDENTIAL
 |  ___________________
 |
 |  Copyright 2022 Reactapp
 |  All Rights Reserved.
 |
 |  NOTICE:  All information contained herein is, and remains the property
 |  of Reactapp and its suppliers, if any. The intellectual and
 |  technical concepts contained herein are proprietary to Reactapp
 |  and its suppliers and are protected by trade secret or copyright law.
 |  Dissemination of this information or reproduction of this material
 |  is strictly forbidden unless prior written permission is obtained
 |  from Reactapp.
 |  ***********************************************************************
-->
<jcr:root xmlns:jcr="http://www.jcp.org/jcr/1.0"
          xmlns:cq="http://www.day.com/jcr/cq/1.0"
          xmlns:granite="http://www.adobe.com/jcr/granite/1.0"
          xmlns:nt="http://www.jcp.org/jcr/nt/1.0"
          xmlns:sling="http://sling.apache.org/jcr/sling/1.0"
          jcr:primaryType="nt:unstructured"
          jcr:title="Login Page"
          sling:resourceType="cq/gui/components/authoring/dialog">
   <content jcr:primaryType="nt:unstructured"
            sling:resourceType="granite/ui/components/coral/foundation/container">
      <layout jcr:primaryType="nt:unstructured"
              margin="{Boolean}false"
              sling:resourceType="granite/ui/components/foundation/layouts/fixedcolumns"/>
      <items jcr:primaryType="nt:unstructured">
         <column jcr:primaryType="nt:unstructured"
                 sling:resourceType="granite/ui/components/coral/foundation/container">
            <items jcr:primaryType="nt:unstructured">
               <logoImageResType jcr:primaryType="nt:unstructured"
                                 name="./logoImage/sling:resourceType"
                                 sling:resourceType="granite/ui/components/coral/foundation/form/hidden"
                                 value="core/wcm/components/image/v2/image"/>
               <logoImage allowUpload="{Boolean}false"
                          autoStart="{Boolean}false"
                          class="cq-droptarget"
                          cq-msm-lockable="./logoImage/file"
                          fieldLabel="logoImage"
                          fileNameParameter="./logoImage/fileName"
                          fileReferenceParameter="./logoImage/fileReference"
                          jcr:primaryType="nt:unstructured"
                          mimeTypes="[image/gif,image/jpeg,image/png,image/webp,image/tiff,image/svg+xml]"
                          multiple="{Boolean}false"
                          name="./logoImage/file"
                          sling:resourceType="cq/gui/components/authoring/dialog/fileupload"
                          title="Drag to select image"
                          uploadUrl="${suffix.path}"
                          useHTML5="{Boolean}true"/>
               <title cq-msm-lockable="./title"
                      fieldLabel="title"
                      jcr:primaryType="nt:unstructured"
                      name="./title"
                      sling:resourceType="granite/ui/components/coral/foundation/form/textfield"/>
               <paragraph cq-msm-lockable="./paragraph"
                          fieldLabel="paragraph"
                          jcr:primaryType="nt:unstructured"
                          name="./paragraph"
                          sling:resourceType="granite/ui/components/coral/foundation/form/textfield"/>
               <buttonName cq-msm-lockable="./buttonName"
                           fieldLabel="buttonName"
                           jcr:primaryType="nt:unstructured"
                           name="./buttonName"
                           sling:resourceType="granite/ui/components/coral/foundation/form/textfield"/>
            </items>
         </column>
      </items>
   </content>
</jcr:root>
